,名称,评论数,价格,商品连接,图片连接
0,"京东超市
迪士尼 儿童指甲贴纸【5张不重复】卡通纹身贴女孩美甲贴玩具 冰雪奇缘款",8000+,￥9.90,https://item.jd.com/100018024894.html,https://img14.360buyimg.com/n7/jfs/t1/167409/14/3466/150914/6007c6d1Ec9020178/cfe8a89a3c51191f.jpg
1,"京东超市
美乐（JoanMiro）儿童指甲贴卡通纹身贴女孩美甲贴玩具-甜蜜花园JM10780",5万+,￥42.90,https://item.jd.com/100002277716.html,https://img11.360buyimg.com/n7/jfs/t1/14928/32/1274/657843/5c10c1d0Ece280cf6/13b408a5c108000e.jpg
2,"京东超市
MissCandy糖果小姐美甲贴片成品一秒穿戴可拆卸假指甲30片 PN044/焦糖奶咖",6万+,￥138.00,https://item.jd.com/100018122128.html,https://img13.360buyimg.com/n7/jfs/t1/170042/15/14928/128288/605d9fdcE719e3ce8/9b38dc7846dbf205.jpg
3,"京东超市
SweetColor时尚指甲贴片 醉红颜 30片装送果冻胶48片 短款圆头假指甲 可拆卸穿戴式美甲片新娘甲 美甲套装",1万+,￥68.00,https://item.jd.com/100008030682.html,https://img12.360buyimg.com/n7/jfs/t1/159190/21/11379/117420/6045f04eEf81422de/b079354b34e761cb.jpg
4,"京东超市
美乐（JoanMiro）儿童卡通纹身贴指甲贴女孩美甲玩具过家家JM10599",5万+,￥42.90,https://item.jd.com/5277676.html,https://img11.360buyimg.com/n7/jfs/t6820/309/492252032/271877/70a59471/59770a22N8698f1c4.jpg
5,迪士尼 儿童指甲贴纹身贴纸礼盒套装【约500张】卡通贴纸女孩美甲贴玩具 冰雪奇缘款,8000+,￥39.90,https://item.jd.com/100010229719.html,https://img14.360buyimg.com/n7/jfs/t1/169734/8/3513/179837/6007dddaEcf72e84d/d7f4b30365b60108.jpg
6,"京东超市
莎林SAALIN 儿童指甲贴美甲油套装防水可撕拉公主女孩玩具（520枚）",2000+,￥39.90,https://item.jd.com/100016548254.html,https://img14.360buyimg.com/n7/jfs/t1/135049/5/18189/217441/5fc74ff6E6be9bbc3/d39f0fc071bf1b1e.jpg
7,"京东超市
SweetColor时尚指甲贴片甲片 酒红闪钻30片装送果冻胶 短款圆头假指甲可拆卸穿戴式美甲新娘甲美甲套装",1万+,￥68.00,https://item.jd.com/100008030672.html,https://img12.360buyimg.com/n7/jfs/t1/163999/25/5325/159978/601c9978E94af59a2/1b75a236a4f423be.jpg
8,"京东超市
美乐（JoanMiro）儿童指甲贴卡通纹身贴女孩美甲贴玩具公主旅行JM10803",5万+,￥42.90,https://item.jd.com/100007014590.html,https://img10.360buyimg.com/n7/jfs/t1/93958/17/1227/358688/5dbbf3a1Ed2059344/65bae680857979e7.jpg
9,安丽莉 指甲贴儿童美甲贴套装宝宝指甲贴纸贴画防水可爱假指甲女孩公主玩具 豪华款：美甲包【含包包】60甲片+280+金粉棒,6000+,￥69.00,https://item.jd.com/52579615755.html,
10,"京东超市
儿童指甲贴防水幼儿园小女孩3-8-4-5-6周岁卡通可爱公主贴纸画宝宝美甲小粘贴女童生日礼物 随机20张不重复",2000+,￥29.90,https://item.jd.com/62402582398.html,
11,"京东超市
SweetColor时尚指甲贴片 执子之手 30片装送果冻胶48片 短款圆头假指甲 可拆卸穿戴式美甲 新娘甲 美甲套装",1万+,￥68.00,https://item.jd.com/100008030676.html,
12,"京东超市
SweetColor时尚指甲贴片美甲贴 遇见美好 30片装送果冻胶 假指甲可拆卸穿戴式美甲片 美甲套装",1万+,￥68.00,https://item.jd.com/100008030706.html,https://img11.360buyimg.com/n7/jfs/t1/159303/15/8798/104664/6039b033E8d8d2f20/41d743106c4b43c8.jpg
13,"京东超市
MissCandy糖果小姐美甲贴片成品一秒穿戴可拆卸假指甲30片 PN047/酒醉星河",6万+,￥138.00,https://item.jd.com/100010255355.html,https://img10.360buyimg.com/n7/jfs/t1/159213/26/15672/124682/605d9e85E956e0365/5ba126f402b2cb61.jpg
14,"京东超市
迪士尼公主儿童指甲油美甲贴片手指甲贴纸彩妆女孩玩具礼物安全可撕可剥水溶性指彩12.8ml*4色+水晶片",5000+,￥69.00,https://item.jd.com/100010285313.html,https://img13.360buyimg.com/n7/jfs/t1/170383/18/5366/195887/601a13a0Eabb25a42/e9817a1a0445122f.jpg
15,亿奇儿童指甲贴纸美甲贴指甲油立体贴片冰雪奇缘防水贴画粘贴益智diy贴纸玩具女孩 20张随机不重复,7000+,￥29.90,https://item.jd.com/57359328422.html,https://img12.360buyimg.com/n7/jfs/t1/68863/36/10874/232974/5d85931bEa984a084/5f35fdb2e16fc7d5.jpg
16,"京东超市
迪士尼 儿童指甲贴纸【4款】卡通扮靓女孩美甲贴耳钉贴纸玩具新年礼物",8000+,￥21.90,https://item.jd.com/100018079614.html,https://img14.360buyimg.com/n7/jfs/t1/150522/26/15753/145154/60096123Ec56287a3/a00ebc3b407add0d.jpg
17,"京东超市
MissCandy糖果小姐美甲贴片成品一秒穿戴可拆卸假指甲30片 PN046/碎钻玫瑰",6万+,￥138.00,https://item.jd.com/100018122152.html,https://img12.360buyimg.com/n7/jfs/t1/171171/19/14840/128570/605da004E0a882de3/67b7950dd5c77aec.jpg
18,"京东超市
莎林SAALIN儿童指甲贴美甲油套装防水可撕拉公主女孩玩具（520枚）",2000+,￥39.90,https://item.jd.com/100016548350.html,https://img10.360buyimg.com/n7/jfs/t1/143997/8/16702/241444/5fc751a1Eaff3357c/52ccb00720bb1191.jpg
19,"京东超市
Miss Candy健康甲油无毒可剥 指甲油 美甲工具涂甲辅助贴片MT44",6万+,￥38.00,https://item.jd.com/5785791.html,https://img11.360buyimg.com/n7/jfs/t1/169783/38/14926/107007/605d90f4E726766a0/c762f77ee255581d.jpg
20,"京东超市
莎林SAALIN儿童指甲贴美甲油套装防水可撕拉安全女孩玩具（520枚）",2000+,￥39.90,https://item.jd.com/100016548324.html,https://img14.360buyimg.com/n7/jfs/t1/146319/6/16778/236606/5fc7506dE147c4937/e2b890a010e27824.jpg
21,"京东超市
美杜meidu 美甲贴片指甲贴片2盒48片装果冻胶圆头假指甲可拆卸穿戴式美甲片新娘甲 美甲套装 片（果绿星芒 +夏日油画 ）",1000+,￥29.00,https://item.jd.com/10020348185948.html,https://img13.360buyimg.com/n7/jfs/t1/122120/2/10849/106409/5f470ef9E0833e5ea/d6db0daac30fcc09.jpg
22,"京东超市
莎林SAALIN 儿童指甲贴卡通纹身贴女孩美甲贴玩具可爱动物款（520枚）",2000+,￥39.90,https://item.jd.com/100016548382.html,https://img12.360buyimg.com/n7/jfs/t1/141823/23/16601/217809/5fc750b9E67e547a4/56ce2492ab8caf77.jpg
23,"京东超市
儿童纹身贴纸 安全宝宝卡通公主水印女孩男孩指甲贴画防水 儿童纹身贴",1000+,￥26.80,https://item.jd.com/68968754685.html,https://img10.360buyimg.com/n7/jfs/t1/111125/15/5125/236128/5eb20ea4E3d71a657/7423fd92f6c353c8.png
24,美际美甲甲片透明美甲贴片超薄无痕可拆卸穿戴式全贴胶水延长假指甲贴片 【推荐】100片全透明色+解胶剂+赠送升级胶水,3000+,￥27.00,https://item.jd.com/10024919543804.html,https://img14.360buyimg.com/n7/jfs/t1/140540/22/17754/121577/5fd09a69E213ccb94/006cfec218e16274.jpg
25,"京东超市
MissCandy糖果小姐美甲贴片成品一秒穿戴可拆卸假指甲30片 PN045/炽红闪糖",6万+,￥138.00,https://item.jd.com/100018122150.html,https://img10.360buyimg.com/n7/jfs/t1/156405/10/18017/129459/605da08fE48383bb6/4e2876a947175e99.jpg
26,"京东超市
Sweet Color无味环保指甲油套装 星空玫瑰礼盒装 美甲套装全套 送美甲贴花 免烤快干 不可撕 送礼",2000+,￥199.00,https://item.jd.com/100009879479.html,https://img14.360buyimg.com/n7/jfs/t1/161604/2/1663/155902/5ff808a2Ef4848cab/69d817f9eed57e95.jpg
27,"京东超市
迪士尼玩具儿童指甲贴纸美甲贴片水晶钻石贴纸粘贴画可爱公主立体纹身贴奖励贴纸小孩美甲米妮款女孩生日礼物",5000+,￥19.90,https://item.jd.com/100016318138.html,https://img13.360buyimg.com/n7/jfs/t1/130570/1/19849/133697/5fd72077Ebd46f669/64234f08bf38e9ff.jpg
28,【25张不重复】迪士尼儿童指甲贴防水小女孩3-6周岁冰雪奇缘公主贴纸画宝宝美甲粘贴生日礼物 儿童25张不重复,6000+,￥38.00,https://item.jd.com/52090398658.html,https://img13.360buyimg.com/n7/jfs/t1/78858/27/4347/169815/5d2833b9Ebb6a21a3/45dda1411f116370.jpg
29,"京东超市
迪士尼(Disney)冰雪奇缘II指甲贴礼盒 玩具亲子互动美甲贴片贴纸古部女孩H2073",1万+,￥59.80,https://item.jd.com/100008279799.html,https://img14.360buyimg.com/n7/jfs/t1/113438/29/13809/170026/5f471859E93addc89/0ad2f5f0bc919666.jpg
30,美际美甲甲片透明美甲贴片超薄无痕可拆卸穿戴式全贴胶水延长假指甲贴片 100片全透明色+胶水,3000+,￥12.00,https://item.jd.com/10024919543803.html,
31,美帝思（MAY-DEZZ）-【穿戴甲】可穿戴美甲贴纸猫眼指甲油胶甲片可拆卸假指甲贴猫眼套装 穿戴美甲（24片装）款式随机【配工具】SP002,3万+,￥88.00,https://item.jd.com/16889952541.html,
32,"京东超市
Sweet Color无味环保指甲油套装 美甲套装全套 送美甲贴花 打磨搓条 免烤快干不可撕 心动礼盒",2000+,￥229.00,https://item.jd.com/100009879505.html,
33,"京东超市
MissCandy糖果小姐美甲贴片成品一秒穿戴可拆卸假指甲30片 PN048/城市玫瑰",6万+,￥138.00,https://item.jd.com/100010619835.html,
34,斯欧雪美甲套装全套工具指甲油胶套装初学者美甲48W/120W大功率光疗机灯饰品贴纸组合持久猫眼胶套装 120W光疗机美甲套装带大号工具箱（自选20色）,1000+,￥185.00,https://item.jd.com/71379552248.html,
35,"京东超市
尔苗 指甲贴儿童3D魔法美甲贴套装宝宝指甲贴纸贴画防水可爱假指甲女孩公主玩具 3D魔法美甲-生肖星座系列",1000+,￥36.00,https://item.jd.com/70989135101.html,
36,"京东超市
安丽莉 炫彩美甲套装 儿童指甲贴纸 安全防水美甲贴 女孩手工DIY百变造型玩具儿童礼物 豪华款：美甲包【含包包】60甲片+280+金粉棒",1000+,￥69.00,https://item.jd.com/43528458407.html,
37,【秋冬新款】黛丝堤华（DASHINGDIVA ）美甲贴纸手指甲贴纸防水可撕甲油胶假纸 半山树藤GVP248,1000+,￥68.00,https://item.jd.com/10023992058177.html,
38,穿戴式可拆取带美甲贴片女反复可拆卸短款假指甲车厘子酒红摘戴甲片显白美甲贴指甲贴送女友24 灰色 灰星月,300+,￥59.00,https://item.jd.com/64328863205.html,
39,DASHINGDIVA/黛丝堤华秋冬显白指甲贴片穿戴 （新品）破晓MDR626,1万+,￥79.00,https://item.jd.com/30007340399.html,
40,赢夫人（Mrs win）潮牌集合美甲新娘假指甲成品甲贴贴片甲片女生穿戴美甲 M16-晶石猫眼,1万+,￥32.80,https://item.jd.com/15762173499.html,
41,"薇林可卸模型胶延长胶纸托指甲油胶光疗胶透明健康红凝胶水波纹美甲贴花粘钻饰 模型胶18ml（透明色）可真甲延长,粘钻,纯色操作",1000+,￥28.00,https://item.jd.com/41528327983.html,
42,名创优品（MINISO）芭比无痕指甲片指甲贴片贴纸ins 24片装 精灵羽翼,6000+,￥13.50,https://item.jd.com/67817173776.html,
43,恩都 儿童纹身贴 指甲贴纸贴画宝宝粘贴纸女孩防水圣诞节生日礼物 【花仙子】-含烫金款-送卸除巾,2000+,￥49.00,https://item.jd.com/28341972129.html,
44,亿奇儿童指甲贴纸美甲贴指甲油立体贴片冰雪奇缘防水贴画粘贴益智diy贴纸玩具女孩 手提冰雪款,7000+,￥58.00,https://item.jd.com/62393294218.html,
45,【自选颜色】精沐美甲初学者工具套装全套美甲灯光疗机猫眼胶指甲油胶甲片贴饰品套装家用做开美甲店用 52W灯长期备用套装,700+,￥298.00,https://item.jd.com/49811891048.html,
46,安丽莉 指甲贴儿童美甲贴套装宝宝指甲贴纸贴画防水可爱假指甲女孩公主玩具 基础款：梦幻美甲【含折叠收纳盒】 60甲片+183,6000+,￥39.00,https://item.jd.com/53140146446.html,
47,【宋茜同款单品】黛丝堤华（DASHINGDIVA）指甲贴片孕妇可用美甲贴片持久免烤甲油胶 野桑葚,600+,￥79.00,https://item.jd.com/10026214244776.html,
48,"京东超市
MissCandy糖果小姐美甲贴片成品一秒穿戴可拆卸假指甲30片 PN050/壁火炉光",6万+,￥138.00,https://item.jd.com/100019217318.html,
49,"京东超市
MissCandy糖果小姐美甲贴片成品一秒穿戴可拆卸假指甲30片 PN055/树影森林",6万+,￥138.00,https://item.jd.com/100019217374.html,
50,DASHINGDIVA/黛丝堤华秋冬显白指甲贴片穿戴 升级娜扎同款豆沙MCN_075,1万+,￥79.00,https://item.jd.com/28748239744.html,
51,亿奇儿童指甲贴纸美甲贴指甲油立体贴片冰雪奇缘防水贴画粘贴益智diy贴纸玩具女孩 新款卡通，20款不重复,7000+,￥29.90,https://item.jd.com/37276811324.html,
52,斯欧雪美甲套装全套工具指甲油胶套装初学者美甲48W/120W大功率光疗机灯饰品贴纸组合持久猫眼胶套装 120W光疗机美甲套装带大号工具箱（自选25色）,1000+,￥198.00,https://item.jd.com/71379552249.html,
53,安丽莉 指甲贴儿童美甲贴套装宝宝指甲贴纸贴画防水可爱假指甲女孩公主玩具 小香包+240甲+53纹身贴+戒指宝石,6000+,￥52.90,https://item.jd.com/53148560205.html,
54,BOLE搏乐美甲贴片超薄无痕全半两用贴磨砂假指甲甲片成品拆卸盒装 【全号装】方形全半两用甲片（500片/盒）,400+,￥28.00,https://item.jd.com/10024449142355.html,
55,名创优品（MINISO）芭比无痕指甲片指甲贴片贴纸ins 24片装 烟火清凉,6000+,￥13.50,https://item.jd.com/67817173772.html,
56,美际美甲甲片透明美甲贴片超薄无痕可拆卸穿戴式全贴胶水延长假指甲贴片 100片杏仁甲透明色+胶水,3000+,￥12.00,https://item.jd.com/10024919543805.html,
57,【宋茜同款单品】黛丝堤华（DASHINGDIVA）指甲贴片孕妇可用美甲贴片持久免烤甲油胶 （宋茜同款）黑色鎏金GVP300,600+,￥68.00,https://item.jd.com/10025876931337.html,https://img12.360buyimg.com/n7/jfs/t1/167543/2/8/65011/5fec205eEd00069d8/1d4d30f2ea7e4bb8.jpg
58,儿童卡通指甲贴防水小女孩3-6-8周岁生日礼物可爱公主贴纸画纹身贴宝宝美甲粘贴玩具男女孩生日礼物 儿童卡通随机20张不重复,9000+,￥28.00,https://item.jd.com/46793256682.html,https://img12.360buyimg.com/n7/jfs/t29134/64/1605141455/146719/9a9ca491/5ce66153N5eef0780.jpg
59,指甲贴 成品穿戴美甲指甲贴中长款新娘穿戴圆头甲片假指甲随意摘戴的美甲片贴片人果冻胶美甲. 纯色淑女粉246,1000+,￥49.00,https://item.jd.com/41337458477.html,https://img12.360buyimg.com/n7/jfs/t1/32039/25/966/85564/5c42b202E0f7b4d1a/407a6be46ff3aeb4.jpg
60,【DVA】黛丝堤华（DASHINGDIVA）手指甲贴片穿戴假指甲美甲成品美甲贴片30片 翡翠格纹MCN_126SS短款,2000+,￥79.00,https://item.jd.com/37312829270.html,https://img10.360buyimg.com/n7/jfs/t1/82054/4/5440/75142/5d396766Ed7684674/b9afe058f1cad5ff.jpg
61,美乐（Joanmiro）儿童指甲贴安全无味防水贴纸小女孩女童美甲公主卡通贴片防水纹身贴纸 新品时尚-公主爱美丽（540枚）,3000+,￥42.90,https://item.jd.com/10020850727182.html,https://img12.360buyimg.com/n7/jfs/t1/170369/18/14986/270896/605f7954E25a8fda9/3a6ea4df88ebd281.jpg
62,赢夫人（Mrs win）潮牌集合美甲新娘假指甲成品甲贴贴片甲片女生穿戴美甲 577-金粉贝壳,1万+,￥32.80,https://item.jd.com/16674651835.html,https://img10.360buyimg.com/n7/jfs/t1/127936/6/12167/155625/5f575b81E991d3068/80cb18e60564840f.jpg
63,【秋冬新款】黛丝堤华（DASHINGDIVA ）美甲贴纸手指甲贴纸防水可撕甲油胶假纸 波片寻光GVP210,1000+,￥68.00,https://item.jd.com/10023992058180.html,https://img10.360buyimg.com/n7/jfs/t1/127107/28/17297/96513/5fa23e83E8aabb44d/e57b019f38bd82a3.jpg
64,迪士尼儿童指甲油美甲玩具指甲贴可撕甲片套装冰雪奇缘公主宝宝指甲油女孩玩具 公主款12瓶指甲油,4000+,￥58.00,https://item.jd.com/69727218058.html,https://img13.360buyimg.com/n7/jfs/t1/155343/35/19752/141932/603cf6ebE3ec23c69/4065c9bd4c349365.jpg
65,薇林美甲工具套装开店全套专业光疗机烤灯指甲油胶贴纸甲片美甲店中级学员创业套装 高级学员套装【自选20色】,67,￥588.00,https://item.jd.com/58635248904.html,https://img14.360buyimg.com/n7/jfs/t1/92476/21/15201/171029/5e706440E0faa6dbf/39370cc8c2e2c759.jpg
66,【秋冬新款】黛丝堤华（DASHINGDIVA ）美甲贴纸手指甲贴纸防水可撕甲油胶假纸 桃色情愫GVP225,1000+,￥68.00,https://item.jd.com/10023992058179.html,https://img14.360buyimg.com/n7/jfs/t1/145419/34/13050/93286/5fa23e5eE816a4968/36dca58de86c3365.jpg
67,赢夫人（Mrs win）潮牌集合美甲新娘假指甲成品甲贴贴片甲片女生穿戴美甲 362-奶茶蝴蝶结,1万+,￥34.80,https://item.jd.com/16674651838.html,https://img13.360buyimg.com/n7/jfs/t1/157910/21/1791/129881/5ff41842E2811fee0/415a6af8f206b935.jpg
68,【DVA】黛丝堤华（DASHINGDIVA ）美甲贴纸手指甲贴纸防水可撕甲油胶假指甲贴纸 樱花草GVP176,900+,￥68.00,https://item.jd.com/67661935422.html,https://img12.360buyimg.com/n7/jfs/t1/149521/18/1419/114207/5ef325cfEb0b13521/8898870d3d2ecabe.jpg
69,名创优品（MINISO）芭比无痕指甲片指甲贴片贴纸ins 24片装 冬日暖阳,6000+,￥13.50,https://item.jd.com/67817173778.html,https://img13.360buyimg.com/n7/jfs/t1/175203/4/256/215437/605bf70eE3ff8f552/8c4ab78c26b99ca0.jpg
70,穿戴甲双面果冻胶美甲贴假指甲美甲店家用透明贴片高粘度水晶胶带防水式 10片装 240 手,600+,￥19.60,https://item.jd.com/63394978902.html,https://img12.360buyimg.com/n7/jfs/t1/107083/39/4934/80653/5deb0269E814e4377/c809dd8410e2b746.jpg
71,【宋茜同款单品】黛丝堤华（DASHINGDIVA）指甲贴片孕妇可用美甲贴片持久免烤甲油胶 （宋茜同款）树莓可可MDR823,600+,￥79.00,https://item.jd.com/10025876931335.html,https://img10.360buyimg.com/n7/jfs/t1/151509/6/12799/56484/5fec202bE587aca1e/cb7271945d5c488e.jpg
72,迪士尼儿童指甲油美甲玩具指甲贴可撕甲片套装冰雪奇缘公主宝宝指甲油女孩玩具 冰雪款12瓶指甲油,4000+,￥58.00,https://item.jd.com/69727218061.html,https://img11.360buyimg.com/n7/jfs/t1/166495/7/9034/814285/603cf77bEa62261ac/197f685432ebd07e.png
73,"京东超市
MissCandy糖果小姐美甲贴片成品一秒穿戴可拆卸假指甲30片 PN051/小径花园",6万+,￥138.00,https://item.jd.com/100010619837.html,https://img12.360buyimg.com/n7/jfs/t1/167663/36/15476/117309/605d9ee8E7cbbe7bb/30a1d8588f7a3128.jpg
74,名创优品（MINISO）芭比无痕指甲片指甲贴片贴纸ins 24片装 浪漫少女,6000+,￥13.50,https://item.jd.com/67817173771.html,https://img11.360buyimg.com/n7/jfs/t1/166099/10/14580/109783/605bf6fdE3c54b62f/736d347c863a0194.jpg
75,"京东超市
迪士尼 儿童指甲贴纸套装礼盒【约680贴】【送耳钉贴16贴】卡通纹身贴女孩美甲玩具",8000+,￥39.90,https://item.jd.com/100010659281.html,https://img11.360buyimg.com/n7/jfs/t1/169555/33/14677/223390/605c5558Eae488211/287b9dc8e2a60432.jpg
76,DASHINGDIVA/黛丝堤华秋冬显白指甲贴片穿戴 【孔雪儿同款】酒红格纹MDR215,1万+,￥79.00,https://item.jd.com/30007340397.html,https://img12.360buyimg.com/n7/jfs/t1/127158/33/1650/88769/5ebe76d1E85d818ac/f7b105d5772f0429.jpg
77,"京东超市
蔓圈儿童指甲油彩妆时尚水晶美甲组合套装7.68ml指彩3色+指甲片+指甲贴纸+闪粉+美甲工具+钻石",5000+,￥49.00,https://item.jd.com/100017697562.html,https://img12.360buyimg.com/n7/jfs/t1/169069/32/3474/132418/6007f18cEb28aa01b/69d62f077a9b55b2.jpg
78,穿戴式可拆取带美甲贴片女反复可拆卸短款假指甲车厘子酒红摘戴甲片显白美甲贴指甲贴送女友24 浅紫色 少女风浅紫,300+,￥59.00,https://item.jd.com/64328863204.html,https://img14.360buyimg.com/n7/jfs/t1/147880/1/18955/199968/5fdddb93E9c50fc41/4f0af0eb33f992b4.jpg
79,美甲贴片假指甲长款新娘学生指甲贴片美甲成品可拆卸穿戴式美甲反复女可摘可戴中长款假透明 透明 A17,76,￥59.00,https://item.jd.com/27818517184.html,https://img14.360buyimg.com/n7/jfs/t1/165351/5/1255/79013/5ff5791bE28378954/4475d03aa3c09d20.jpg
80,【宋茜同款单品】黛丝堤华（DASHINGDIVA）指甲贴片孕妇可用美甲贴片持久免烤甲油胶 清纯哲学GVP238B,600+,￥98.00,https://item.jd.com/10026730070017.html,https://img12.360buyimg.com/n7/jfs/t1/152936/12/19793/118725/60332112Ef7b2175e/4d6677668f94c223.jpg
81,儿童卡通指甲贴防水小女孩3-6-8周岁生日礼物可爱公主贴纸画纹身贴宝宝美甲粘贴玩具男女孩生日礼物 儿童卡通纹身贴随机20张不重复,9000+,￥28.00,https://item.jd.com/49466253419.html,https://img14.360buyimg.com/n7/jfs/t1/54237/17/1792/736863/5cf89197E1374e011/b910b6c541851f38.png
82,【秋冬新款】黛丝堤华（DASHINGDIVA ）美甲贴纸手指甲贴纸防水可撕甲油胶假纸 一期一会GVP232,1000+,￥68.00,https://item.jd.com/10023992058187.html,https://img12.360buyimg.com/n7/jfs/t1/133782/26/14883/81181/5fa23f39E7d5024ff/e9cfbdef0c78e296.jpg
83,孕妇迪士尼儿童指甲贴纸 防水持久美甲安全贴 冰雪苏菲亚白雪公主女孩宝宝 冰雪奇缘5张不重复+3张随机,4000+,￥12.90,https://item.jd.com/31732467953.html,https://img13.360buyimg.com/n7/jfs/t25195/48/709482632/149819/ae60445c/5b793abcN76ddf684.jpg
84,【宋茜同款单品】黛丝堤华（DASHINGDIVA）指甲贴片孕妇可用美甲贴片持久免烤甲油胶 午夜乐园,600+,￥79.00,https://item.jd.com/10026214244775.html,https://img10.360buyimg.com/n7/jfs/t1/168349/2/2166/108159/5ffd7a9aEc9feb29a/5140fa8a0c71c1e5.jpg
85,赢夫人（Mrs win）潮牌集合美甲新娘假指甲成品甲贴贴片甲片女生穿戴美甲 39-淡粉方头,1万+,￥29.80,https://item.jd.com/16674651847.html,https://img12.360buyimg.com/n7/jfs/t1/152518/10/13038/82151/5ff41a40E4e4f3077/0670328b381e9600.jpg
86,【秋冬新款】黛丝堤华（DASHINGDIVA ）美甲贴纸手指甲贴纸防水可撕甲油胶假纸 拂乱桃花GVP235,1000+,￥68.00,https://item.jd.com/10023992058189.html,https://img14.360buyimg.com/n7/jfs/t1/130786/3/14780/74536/5fa23f7eEe3db4b58/a56cdb1b51f5dd94.jpg
87,DASHINGDIVA/黛丝堤华美甲贴指甲贴片细腻免烤安全穿戴成品 复古红白钻MDR223,1000+,￥79.00,https://item.jd.com/61338351581.html,https://img11.360buyimg.com/n7/jfs/t1/103757/28/1613/319114/5dc54761E940a6139/84f255b411841bcc.jpg
88,【DVA】黛丝堤华（DASHINGDIVA）手指甲贴片穿戴假指甲美甲成品美甲贴片30片 MCN090,2000+,￥79.00,https://item.jd.com/10026420364416.html,https://img11.360buyimg.com/n7/jfs/t1/160771/15/3943/112299/600a6477E33a71d94/8980569f15994b9c.jpg
89,赢夫人（Mrs win）潮牌集合美甲新娘假指甲成品甲贴贴片甲片女生穿戴美甲 643-金粉蝴蝶（店长推荐）,1万+,￥32.80,https://item.jd.com/16674651837.html,https://img12.360buyimg.com/n7/jfs/t1/107245/25/13162/89617/5e9d4547E50740793/0ab8a5a003610790.jpg
90,【宋茜同款单品】黛丝堤华（DASHINGDIVA）指甲贴片孕妇可用美甲贴片持久免烤甲油胶 (春季新款)法式彩虹MDR961SS,600+,￥79.00,https://item.jd.com/10027129948745.html,https://img10.360buyimg.com/n7/jfs/t1/166644/35/8962/77800/603ef878Ed993e90c/92624ed1c0217651.jpg
91,Albeville指甲贴指甲贴片可穿戴美甲成品穿戴式可拆卸短款甲片成人假指甲穿戴甲长款磨砂学生美甲片 LP-012英伦红茶 24片,100+,￥26.00,https://item.jd.com/10025517604111.html,https://img11.360buyimg.com/n7/jfs/t1/133933/17/20464/149339/5fdb206bE25894f9d/d0089902eed9820a.jpg
92,【宋茜同款单品】黛丝堤华（DASHINGDIVA）指甲贴片孕妇可用美甲贴片持久免烤甲油胶 雪眠MDR838,600+,￥79.00,https://item.jd.com/10026214244770.html,https://img10.360buyimg.com/n7/jfs/t1/152393/15/14418/76790/5ffd7a39E02de740f/8c54eeb9ec73dd8d.jpg
93,赢夫人（Mrs win）潮牌集合美甲新娘假指甲成品甲贴贴片甲片女生穿戴美甲 337-果冻南柚,1万+,￥32.80,https://item.jd.com/16674651840.html,https://img10.360buyimg.com/n7/jfs/t1/62094/17/5243/130670/5d371ecbE65f34081/cbae37aca601c18d.jpg
94,美际美甲甲片透明美甲贴片超薄无痕可拆卸穿戴式全贴胶水延长假指甲贴片 240片全甲透明色+解胶剂+赠送升级胶水,3000+,￥38.00,https://item.jd.com/10024919547317.html,https://img12.360buyimg.com/n7/jfs/t1/138156/30/17877/134307/5fd1ad4eE49d74504/d9387af7eef5eb45.jpg
95,赢夫人（Mrs win）潮牌集合美甲新娘假指甲成品甲贴贴片甲片女生穿戴美甲 576-晕染珍珠,1万+,￥32.80,https://item.jd.com/16674651832.html,https://img12.360buyimg.com/n7/jfs/t1/120841/24/8010/133854/5f1d80d6E61eb60c5/0df885b2cdc2d7c4.jpg
96,【秋冬新款】黛丝堤华（DASHINGDIVA ）美甲贴纸手指甲贴纸防水可撕甲油胶假纸 遗落森林GVP228,1000+,￥68.00,https://item.jd.com/10023992058184.html,https://img14.360buyimg.com/n7/jfs/t1/135460/6/14741/70647/5fa23ee9E69f52d2a/558acf6fb1041c59.jpg
97,【宋茜同款单品】黛丝堤华（DASHINGDIVA）指甲贴片孕妇可用美甲贴片持久免烤甲油胶 北岛恋歌MCN553,600+,￥79.00,https://item.jd.com/10026214244765.html,https://img10.360buyimg.com/n7/jfs/t1/155697/26/5750/75284/5ffd79d7E0de3fab7/6e0782ab564d8b45.jpg
98,小马宝莉儿童指甲贴迪士尼儿童指甲贴纸持久防水安全美甲贴纸可爱卡通玩具套装宝宝女孩公主 6款共30张（图案每张不重复）,300+,￥29.90,https://item.jd.com/53639478742.html,https://img12.360buyimg.com/n7/jfs/t1/82381/23/5916/224396/5d400542E5f7c4957/1f76806a4ec12692.jpg
99,粉色长款法式秋冬豹纹学生新娘简约穿戴可拆卸美甲成品假指甲贴片 62亮片裸粉法式,34,￥29.00,https://item.jd.com/10025896908162.html,https://img12.360buyimg.com/n7/jfs/t1/156302/28/3449/78182/5fed31ecE613048c0/56b3ffacce190a5e.jpg
100,美乐（Joanmiro）儿童指甲贴安全无味防水贴纸小女孩女童美甲公主卡通贴片防水纹身贴纸 时尚-甜蜜花园（540枚）,3000+,￥42.90,https://item.jd.com/32245902473.html,https://img13.360buyimg.com/n7/jfs/t1/157764/31/15671/257333/605f794cEa6dc26a6/b89433db95b62742.jpg
101,【DVA】黛丝堤华（DASHINGDIVA）手指甲贴片穿戴假指甲美甲成品美甲贴片30片 丝绒格纹MDR_221SS短款,2000+,￥79.00,https://item.jd.com/33378432257.html,https://img12.360buyimg.com/n7/jfs/t1/38344/37/12163/64976/5d3966ecE36491b05/6b28742b1ab5726a.jpg
102,"京东超市
MissCandy糖果小姐美甲贴片成品一秒穿戴可拆卸假指甲30片 PN054/云端筑梦",6万+,￥138.00,https://item.jd.com/100019217402.html,https://img12.360buyimg.com/n7/jfs/t1/176648/28/475/117344/605d9ec1E4bbb36da/7c331969a6741817.jpg
103,BOLE搏乐美甲贴片超薄无痕全半两用贴磨砂假指甲甲片成品拆卸盒装 【全号装】长水滴全半两用甲片（500片/盒）,400+,￥28.00,https://item.jd.com/10024449142358.html,https://img13.360buyimg.com/n7/jfs/t1/131520/22/18950/182492/5fcddb49E9d53ba74/a6e011d59ea7847b.jpg
104,迪士尼玩具彩妆儿童指甲贴儿童美甲贴纸玩具套装diy手工制作女孩节日礼物过家家5-10岁生日礼物 美甲装扮套装 DS-2293,62,￥148.00,https://item.jd.com/39673119918.html,https://img13.360buyimg.com/n7/jfs/t1/159154/30/5324/123402/6013b449E363d02ac/6aed1911ea840d26.jpg
105,名创优品（MINISO）芭比无痕指甲片指甲贴片贴纸ins 24片装 恋人未满,6000+,￥13.50,https://item.jd.com/67817173770.html,https://img10.360buyimg.com/n7/jfs/t1/160778/2/14688/143226/605bf6f1E71da8ab1/0944cbf295c7ad54.jpg
106,名创优品（MINISO）芭比无痕指甲片指甲贴片贴纸ins 24片装 夏日时光,6000+,￥13.50,https://item.jd.com/67817173773.html,https://img13.360buyimg.com/n7/jfs/t1/156272/17/17913/183540/605bf710E17246450/1205566bda42ed58.jpg
107,指甲贴 成品穿戴美甲指甲贴中长款新娘穿戴圆头甲片假指甲随意摘戴的美甲片贴片人果冻胶美甲. 中长款豆沙176,1000+,￥49.00,https://item.jd.com/41337458484.html,https://img14.360buyimg.com/n7/jfs/t1/56261/3/15919/594502/5dcd0544E0dacb390/659d4208c6815a98.png
108,【宋茜同款单品】黛丝堤华（DASHINGDIVA）指甲贴片孕妇可用美甲贴片持久免烤甲油胶 （尖长款）璀璨星河MDR964OL,600+,￥79.00,https://item.jd.com/10027129948746.html,https://img11.360buyimg.com/n7/jfs/t1/169707/36/8997/90637/603ef88cE716179a8/07c3b38328b92a02.jpg
109,美乐（Joanmiro）儿童指甲贴安全无味防水贴纸小女孩女童美甲公主卡通贴片防水纹身贴纸 时尚-动物王国（540枚）,3000+,￥42.90,https://item.jd.com/32245902470.html,https://img10.360buyimg.com/n7/jfs/t1/164658/12/15269/261617/605f7945Ed9bdc395/c0cb8fd5867327ed.jpg
110,儿童指甲贴韩国卡通指甲贴防水女孩指甲贴宝宝指甲贴 20张随机不重复,1000+,￥29.90,https://item.jd.com/67206414064.html,https://img14.360buyimg.com/n7/jfs/t1/120947/11/11486/687212/5f4b757aEaf7cbe48/ada55dd670aec9c8.png
111,【2020秋季新款】黛丝堤华（DASHINGDIVA）指甲贴片孕妇可用美甲贴片持久免烤甲油胶 莓莓汽水MCN509SS,600+,￥79.00,https://item.jd.com/10023998553530.html,https://img10.360buyimg.com/n7/jfs/t1/123032/15/17365/61577/5fa2582aEf383185d/52c1541fe81816ca.jpg
112,【宋茜同款单品】黛丝堤华（DASHINGDIVA）指甲贴片孕妇可用美甲贴片持久免烤甲油胶 （宋茜同款）流金铄石GVP259,600+,￥68.00,https://item.jd.com/10025876931338.html,https://img13.360buyimg.com/n7/jfs/t1/159905/3/657/78698/5fec2088E67eaaeb4/a5afc5ce65450e01.jpg
113,BOLE搏乐美甲贴片超薄无痕全半两用贴磨砂假指甲甲片成品拆卸盒装 【全号装】长芭蕾全半两用甲片（500片/盒）,400+,￥28.00,https://item.jd.com/10024449142357.html,https://img12.360buyimg.com/n7/jfs/t1/148466/3/17332/193460/5fcddb49Eff889782/a5e81aae24ab06e8.jpg
114,DASHINGDIVA/黛丝堤华秋冬显白指甲贴片穿戴 新款地中海MDR217,1万+,￥79.00,https://item.jd.com/30007340398.html,https://img13.360buyimg.com/n7/jfs/t1/84193/32/5440/63752/5d39240aE913944a9/dafed9d2bd2f1639.jpg
115,【宋茜同款单品】黛丝堤华（DASHINGDIVA）指甲贴片孕妇可用美甲贴片持久免烤甲油胶 紫藤花MDR839,600+,￥79.00,https://item.jd.com/10026214244771.html,https://img11.360buyimg.com/n7/jfs/t1/165260/20/2052/77148/5ffd7a4cE0e610abb/6c567a6cec5c5460.jpg
116,DASHINGDIVA/黛丝堤华美甲贴指甲贴片细腻免烤安全穿戴成品 酒红假日MDR_548SL,1000+,￥79.00,https://item.jd.com/61624325752.html,https://img12.360buyimg.com/n7/jfs/t1/54096/4/15793/269367/5dca8608E15817fb2/5a8baa4971b080ea.jpg
117,【宋茜同款单品】黛丝堤华（DASHINGDIVA）指甲贴片孕妇可用美甲贴片持久免烤甲油胶 葡萄奶提MCN552,600+,￥79.00,https://item.jd.com/10026214244768.html,https://img13.360buyimg.com/n7/jfs/t1/168801/23/2343/77981/5ffd7a18E927c1ca3/f560ff53eb0c50b3.jpg
118,孜甲花假指甲贴片美甲套装穿戴美甲贴片孕妇甲油胶光疗甲新娘甲套装 图1款 M中号,400+,￥68.00,https://item.jd.com/38403594569.html,https://img14.360buyimg.com/n7/jfs/t27535/230/2425080723/110195/df0db200/5c0235d6N5f822863.jpg
119,DASHINGDIVA/黛丝堤华秋冬显白指甲贴片穿戴 （新品）曙光女神MDR625,1万+,￥79.00,https://item.jd.com/28748239747.html,https://img12.360buyimg.com/n7/jfs/t1/94437/23/15332/316468/5e6f0d21Ea458cad2/6644566ad7c8cf9f.jpg
120,果冻胶美甲穿戴甲双面果冻胶美甲贴假指甲用透明贴片高粘度水晶拆卸防水式 10片装 240 手,100+,￥59.00,https://item.jd.com/65310739739.html,https://img14.360buyimg.com/n7/jfs/t1/93626/22/10530/321908/5e1ab15fEe1b6d8b7/fecd6c218d28d85d.jpg
121,美乐（Joanmiro）儿童指甲贴安全无味防水贴纸小女孩女童美甲公主卡通贴片防水纹身贴纸 4款合拍-花园+王国+旅行+乐园（2160枚）,3000+,￥159.90,https://item.jd.com/33770447484.html,https://img14.360buyimg.com/n7/jfs/t1/164533/12/15286/213232/605fbdefE3e86bf29/0efe9f734c5caca2.jpg
122,【DVA】黛丝堤华（DASHINGDIVA）手指甲贴片穿戴假指甲美甲成品美甲贴片30片 （新品）想见你MDR592SS,2000+,￥79.00,https://item.jd.com/41052767453.html,https://img13.360buyimg.com/n7/jfs/t1/91624/22/15361/315281/5e6f0a52Ed6b534f3/1ab94cd1388a830f.jpg
123,迪士尼儿童指甲油美甲玩具指甲贴可撕甲片套装冰雪奇缘公主宝宝指甲油女孩玩具 6色苏菲亚指甲油带甲片,4000+,￥39.00,https://item.jd.com/59620166911.html,https://img11.360buyimg.com/n7/jfs/t1/71899/30/13583/162304/5dabef07E973696c9/01e58a44a1d6f5f3.jpg
124,【2020秋季新款】黛丝堤华（DASHINGDIVA）指甲贴片孕妇可用美甲贴片持久免烤甲油胶 微笑天使MCN513,600+,￥79.00,https://item.jd.com/10023998553517.html,https://img12.360buyimg.com/n7/jfs/t1/129141/24/17388/51973/5fa248c9Eae1cf031/3bccbd65f7c043ad.jpg
125,【DVA】黛丝堤华（DASHINGDIVA ）美甲贴纸手指甲贴纸防水可撕甲油胶假指甲贴纸 爱丽丝蓝GC10,1000+,￥68.00,https://item.jd.com/67657418062.html,https://img12.360buyimg.com/n7/jfs/t1/96894/38/17873/271455/5e8c28f3Ebba24b7d/54ed0c11532af769.jpg
126,【DVA】黛丝堤华（DASHINGDIVA）手指甲贴片穿戴假指甲美甲成品美甲贴片30片 森绿灰,2000+,￥79.00,https://item.jd.com/10021338685147.html,https://img12.360buyimg.com/n7/jfs/t1/123311/39/12031/68853/5f55dc14E6bd143bd/e37fa2aef1f37d54.jpg
127,【宋茜同款单品】黛丝堤华（DASHINGDIVA）指甲贴片孕妇可用美甲贴片持久免烤甲油胶 （宋茜同款）温柔豹纹MCN473,600+,￥79.00,https://item.jd.com/10025876931336.html,https://img11.360buyimg.com/n7/jfs/t1/154820/39/12557/46879/5fec2050E7c096bc1/b8a619a8d52f4ab6.jpg
128,【宋茜同款单品】黛丝堤华（DASHINGDIVA）指甲贴片孕妇可用美甲贴片持久免烤甲油胶 梦境蓝,600+,￥79.00,https://item.jd.com/10026214244774.html,https://img14.360buyimg.com/n7/jfs/t1/166375/18/2363/79872/5ffd7a86E03297204/d6a998d71987b887.jpg
129,【宋茜同款单品】黛丝堤华（DASHINGDIVA）指甲贴片孕妇可用美甲贴片持久免烤甲油胶 海盐芝士MCN551,600+,￥79.00,https://item.jd.com/10026214244766.html,https://img11.360buyimg.com/n7/jfs/t1/156338/36/5698/76486/5ffd79ecE8e69f822/ba8342a9ba0e2dc6.jpg
130,美潮粘钻胶美甲免洗超牢固持久强力贴钻光疗指甲饰品水钻加固钻石 管式粘钻胶+罐装粘钻胶,1000+,￥34.90,https://item.jd.com/23244224941.html,https://img11.360buyimg.com/n7/jfs/t1/125386/23/16570/63187/5f97dee7Ed09009c5/5072ad78ea3c7a5a.jpg
131,孜甲花 美甲贴片用 果冻透明背胶 双面胶 双面贴 不伤指甲 延长美甲寿命,2000+,￥10.00,https://item.jd.com/20308017817.html,https://img12.360buyimg.com/n7/jfs/t12733/13/684473307/194141/8465dd45/5a11a938Neae5bf8e.jpg
132,【DVA】黛丝堤华（DASHINGDIVA）手指甲贴片穿戴假指甲美甲成品美甲贴片30片 （新品）微醺MDR596SS,2000+,￥79.00,https://item.jd.com/39942034924.html,https://img14.360buyimg.com/n7/jfs/t1/103932/27/15341/335321/5e6f4b2dE63777a70/d01793f8c7f424f0.jpg
133,安丽莉 指甲贴儿童美甲贴套装宝宝防水贴纸女孩玩具生日礼物3-4-6岁 豪华款：美甲包【含包包】60甲片+280+金粉棒,66,￥69.00,https://item.jd.com/10020761096650.html,https://img10.360buyimg.com/n7/jfs/t1/139051/23/6512/193411/5f435a8dEa9681683/62bf6a3ce73cb413.jpg
134,【2020秋季新款】黛丝堤华（DASHINGDIVA）指甲贴片孕妇可用美甲贴片持久免烤甲油胶 萤火之森MCN526SS,600+,￥79.00,https://item.jd.com/10023998553524.html,https://img14.360buyimg.com/n7/jfs/t1/133961/32/14879/54235/5fa24965Efc6e73be/34ba9f1d50db783a.jpg
135,【2020秋季新款】黛丝堤华（DASHINGDIVA）指甲贴片孕妇可用美甲贴片持久免烤甲油胶 胭桃私语MCN510SS,600+,￥79.00,https://item.jd.com/10023998553531.html,https://img11.360buyimg.com/n7/jfs/t1/122597/20/17333/60027/5fa25862E8286ab0c/11a133eeed02e55b.jpg
136,赢夫人（Mrs win）甲贴片粉藕极光紫美甲中长梯形穿戴假指甲ins欧美网红蝴蝶结甲片 AG2015-极光蝴蝶结,63,￥36.80,https://item.jd.com/31306023265.html,https://img10.360buyimg.com/n7/jfs/t1/129050/26/2774/112747/5ec883efE8c96a03f/83132508e2b764f0.jpg
137,赢夫人（Mrs win）极光人鱼姬蝴蝶甲学生穿戴小红抖音网红同款美甲成品假指甲贴片 B666-米金蝴蝶结,400+,￥34.80,https://item.jd.com/19804586473.html,https://img13.360buyimg.com/n7/jfs/t1/127350/29/319/782734/5eb4c0b1E367e40d9/3180a7c895bb13e7.png
138,【DVA】黛丝堤华（DASHINGDIVA ）美甲贴纸手指甲贴纸防水可撕甲油胶假指甲贴纸 少女日记 GVP165,1000+,￥68.00,https://item.jd.com/63796356565.html,https://img10.360buyimg.com/n7/jfs/t1/112730/12/2560/316314/5ea2a704E95cd4886/1aa6153721ecf3a6.jpg
139,美际美甲甲片透明美甲贴片超薄无痕可拆卸穿戴式全贴胶水延长假指甲贴片 100片全自然色+解胶剂+赠送升级胶水,3000+,￥27.00,https://item.jd.com/10024919547312.html,https://img12.360buyimg.com/n7/jfs/t1/152447/26/9028/118748/5fd09adfE0af54f32/1429b7f0d4d02084.jpg
140,MissCandy糖果小姐美甲贴片穿戴可拆卸春夏显白指甲贴片 焦糖奶咖 PN044【3月新】 30片/盒,95,￥149.00,https://item.jd.com/10027145283694.html,https://img14.360buyimg.com/n7/jfs/t1/170209/15/14940/218671/605d57eaE4e460f56/763bf774bd96fc03.jpg
141,"京东超市
迪士尼儿童指甲油水晶美甲套装女孩装扮过家家玩具节日礼物冰雪可撕安全指彩6色2.48ml片贴纸闪粉",5000+,￥76.00,https://item.jd.com/100014657926.html,https://img11.360buyimg.com/n7/jfs/t1/122897/10/10264/133956/5f3cfc19E5b958e37/d57f4594dcafdc79.jpg
142,名创优品（MINISO）芭比无痕指甲片指甲贴片贴纸ins 24片装 丛林漫步,6000+,￥13.50,https://item.jd.com/67817173774.html,https://img14.360buyimg.com/n7/jfs/t1/174903/11/257/108164/605bf701E376889a9/eeb9189e792af984.jpg
143,【宋茜同款单品】黛丝堤华（DASHINGDIVA）指甲贴片孕妇可用美甲贴片持久免烤甲油胶 山谷幻想MCN561,600+,￥79.00,https://item.jd.com/10026214244769.html,https://img14.360buyimg.com/n7/jfs/t1/158197/12/2441/87865/5ffd7a29Ec21fb94c/0cc05798f3080dd7.jpg
144,指甲贴 成品穿戴美甲指甲贴中长款新娘穿戴圆头甲片假指甲随意摘戴的美甲片贴片人果冻胶美甲. 【新款】浅咖粉边454,1000+,￥49.00,https://item.jd.com/41337458481.html,https://img11.360buyimg.com/n7/jfs/t1/142516/34/20489/122345/5fe844a4Eeb541ddb/32b6b2ef719d5119.jpg
145,迪士尼儿童指甲油美甲玩具指甲贴可撕甲片套装冰雪奇缘公主宝宝指甲油女孩玩具 苏菲亚款12瓶指甲油,4000+,￥58.00,https://item.jd.com/69727218059.html,https://img14.360buyimg.com/n7/jfs/t1/114691/15/8212/157079/5ec9d568Ef0e1c902/0458982032d58d94.jpg
146,孜甲花指甲贴片美甲成品穿戴式拆卸指甲贴可摘戴假片网红自由持久甲片贴新娘甲 图3款 M中号,500+,￥58.80,https://item.jd.com/45963893358.html,https://img13.360buyimg.com/n7/jfs/t1/34087/40/6117/93770/5cbc6163E185c31f0/e1e86be0d609be41.jpg
147,美乐（Joanmiro）儿童指甲贴安全无味防水贴纸小女孩女童美甲公主卡通贴片防水纹身贴纸 时尚-公主旅行（540枚）,3000+,￥42.90,https://item.jd.com/32245902471.html,https://img11.360buyimg.com/n7/jfs/t1/170254/21/15127/253373/605f7947E250f0607/a888dc8c8ce6e332.jpg
148,孜甲花假指甲贴片美甲套装穿戴美甲贴片孕妇甲油胶光疗甲新娘甲套装 图1款 S小号,400+,￥68.00,https://item.jd.com/38403594568.html,https://img13.360buyimg.com/n7/jfs/t27535/230/2425080723/110195/df0db200/5c0235d6N5f822863.jpg
149,精沐美甲饰品套装贴钻饰甲油胶美甲艺术装饰指甲钻石满钻珍珠盘美甲贴水钻点钻美甲钻石饰品粘钻工具套装 满钻美甲【白钻套装】,500+,￥55.00,https://item.jd.com/34092900461.html,https://img11.360buyimg.com/n7/jfs/t1/158825/11/8999/195948/6039a19fE300764c8/fb613a05513cdfef.jpg
150,【宋茜同款单品】黛丝堤华（DASHINGDIVA）指甲贴片孕妇可用美甲贴片持久免烤甲油胶 （尖长款）粉紫露水MDR965OL,600+,￥79.00,https://item.jd.com/10027129948747.html,https://img12.360buyimg.com/n7/jfs/t1/169148/21/8955/82397/603ef8a3E788c47c5/4ee99b91c87f1cf0.jpg
151,亿奇儿童指甲贴纸美甲贴指甲油立体贴片冰雪奇缘防水贴画粘贴益智diy贴纸玩具女孩 10款冰雪+4张冰雪泡面,7000+,￥38.00,https://item.jd.com/62393294215.html,https://img10.360buyimg.com/n7/jfs/t1/159168/37/1415/242840/5ff276b0E80ca0615/3f6553913107ee7e.jpg
152,【2020秋季新款】黛丝堤华（DASHINGDIVA）指甲贴片孕妇可用美甲贴片持久免烤甲油胶 仙度瑞拉MCN528SS,600+,￥79.00,https://item.jd.com/10023998553526.html,https://img11.360buyimg.com/n7/jfs/t1/139641/17/13281/47820/5fa24985E99685946/b394b8007ec6d000.jpg
153,孜甲花 假指甲贴片反复穿戴甲美甲贴抖音同款送爱人闺蜜婚纱照光疗甲孕妇新娘美甲 图7款 M号,100+,￥69.90,https://item.jd.com/59140758557.html,https://img12.360buyimg.com/n7/jfs/t1/112022/2/9241/146842/5ed7b242E6f0ad554/14d010eb7284e5a8.jpg
154,亿奇儿童指甲贴纸美甲贴指甲油立体贴片冰雪奇缘防水贴画粘贴益智diy贴纸玩具女孩 CYM系列 苏菲亚,7000+,￥29.90,https://item.jd.com/37276811326.html,https://img11.360buyimg.com/n7/jfs/t27349/221/1985920976/223641/35c60bfb/5bf4b7faNfa7bf4a3.jpg
155,【秋冬新款】黛丝堤华（DASHINGDIVA ）美甲贴纸手指甲贴纸防水可撕甲油胶假纸 日暮温柔GVP230,1000+,￥68.00,https://item.jd.com/10023992058186.html,https://img11.360buyimg.com/n7/jfs/t1/122507/10/17346/97634/5fa23f21E9595dae2/6d8d6b3797cd9500.jpg
156,叶罗丽精灵梦动漫奖励美甲公主立体指甲贴纸装扮女孩儿童玩具 圆形1个+方形1个,200+,￥29.90,https://item.jd.com/54803320150.html,https://img10.360buyimg.com/n7/jfs/t1/50295/28/7897/128753/5d56156eEf214486f/de3d886223dfb89a.jpg
157,赢夫人（Mrs win）美甲贴片成品乳白裸色链条日系黑色砂糖梯形可拆卸穿戴假指甲 裸色链条,38,￥39.80,https://item.jd.com/43156379670.html,https://img10.360buyimg.com/n7/jfs/t1/108097/4/9045/89129/5e6f39eaE53f9eb89/266eda8b0efc9f14.jpg
158,美际美甲甲片透明美甲贴片超薄无痕可拆卸穿戴式全贴胶水延长假指甲贴片 240片全甲透明色+胶水,3000+,￥24.00,https://item.jd.com/10024919547316.html,https://img11.360buyimg.com/n7/jfs/t1/140577/7/17751/123626/5fd1ad48Eb9cf985b/e80483e0c5a05312.jpg
159,【DVA】黛丝堤华（DASHINGDIVA）手指甲贴片穿戴假指甲孕妇指甲油胶美甲成品美甲贴片30片 MCN106,1000+,￥79.00,https://item.jd.com/36319711962.html,https://img12.360buyimg.com/n7/jfs/t1/50210/29/6060/178744/5d39872dE2500a21a/c37eb91e0725f2d7.jpg
160,【DVA】黛丝堤华（DASHINGDIVA ）变色美甲贴纸手指甲贴纸防水可撕甲油胶假纸34片 【光韵】GVP214,100+,￥68.00,https://item.jd.com/10021067560016.html,https://img11.360buyimg.com/n7/jfs/t1/133345/38/8886/114154/5f4dbdc0E779d297a/7d7e63b68c6ecc15.jpg
161,名创优品（MINISO）芭比无痕指甲片指甲贴片贴纸ins 24片装 活力魅蓝,6000+,￥13.50,https://item.jd.com/67817173777.html,https://img12.360buyimg.com/n7/jfs/t1/166543/34/14589/285351/605bf701Ee97670d4/41a86820ff4cdf01.jpg
162,孜甲花来图定制光疗指甲贴可穿戴甲片美甲套装送爱人闺蜜新娘甲指甲油贴片 图1款 M号,5000+,￥49.90,https://item.jd.com/19684279615.html,https://img10.360buyimg.com/n7/jfs/t1/15408/7/10466/97375/5c875616E420a9647/c00d4bb449fd9c39.jpg
163,网红ins风穿戴美甲甲片成品可拆卸假指甲贴片反复使用个性美甲贴 冰透金,200+,￥46.58,https://item.jd.com/10023695434283.html,https://img13.360buyimg.com/n7/jfs/t1/154877/30/3795/805994/5f993393Edd2c13d8/2f5a0c694e087282.png
164,指甲贴 成品穿戴美甲指甲贴中长款新娘穿戴圆头甲片假指甲随意摘戴的美甲片贴片人果冻胶美甲. 酒红镶钻CP239,1000+,￥59.00,https://item.jd.com/41337458462.html,https://img12.360buyimg.com/n7/jfs/t1/21663/10/5789/208187/5c42b1faEccc66a8d/e06d6cd1b691cc50.jpg
165,美际美甲甲片透明美甲贴片超薄无痕可拆卸穿戴式全贴胶水延长假指甲贴片 一字剪,3000+,￥19.00,https://item.jd.com/10024919547326.html,https://img11.360buyimg.com/n7/jfs/t1/145949/27/16255/41113/5fc4ad13Ed9ba4ddb/6fea9ac358604d9e.jpg
166,超萌色美甲饰品新款金箔纸贝壳片钻石水钻装饰珍珠蝴蝶指甲贴片网红 聚光灯-幻彩平底钻,400+,￥9.90,https://item.jd.com/10023348705299.html,https://img14.360buyimg.com/n7/jfs/t1/146959/17/11636/129735/5f914137E77838fef/e2bc52557dcc68ec.jpg
167,亿奇儿童指甲贴纸美甲贴指甲油立体贴片冰雪奇缘防水贴画粘贴益智diy贴纸玩具女孩 手提人鱼款,7000+,￥58.00,https://item.jd.com/62393294220.html,https://img10.360buyimg.com/n7/jfs/t1/74402/36/16041/218117/5dd89969Ee242ec42/8fe73848c0012724.jpg
168,穿戴式可拆取带美甲贴片女反复可拆卸短款假指甲车厘子酒红摘戴甲片显白美甲贴指甲贴送女友24 金边粉嫩圆头 金边粉嫩圆头,72,￥57.00,https://item.jd.com/10025480523363.html,https://img13.360buyimg.com/n7/jfs/t1/145212/27/19022/123427/5fdb5bdbEc678248b/1a3e952647b91883.jpg
169,穿戴甲双面果冻胶美甲贴假指甲美甲店家用透明贴片高粘度水晶胶带防水式 20片装 480 手,600+,￥38.00,https://item.jd.com/63394978903.html,https://img13.360buyimg.com/n7/jfs/t1/107083/39/4934/80653/5deb0269E814e4377/c809dd8410e2b746.jpg
170,赢夫人（Mrs win）潮牌集合美甲新娘假指甲成品甲贴贴片甲片女生穿戴美甲 566-芭蕾白渐变,1万+,￥32.80,https://item.jd.com/16674651841.html,https://img11.360buyimg.com/n7/jfs/t1/127234/36/8799/73078/5f2968b8Ea1a17a3a/a3db082d57d1521f.jpg
171,赢夫人（Mrs win） 朋克时尚脚趾甲 潮流集合穿戴美甲贴片成品 24片盒装脚假指甲 119-车厘子红,2000+,￥32.00,https://item.jd.com/16379672105.html,https://img10.360buyimg.com/n7/jfs/t1/25457/1/15566/111786/5cb1a6dbEa6a42a87/134ff6269bf4651f.jpg
172,穿戴式可拆取带美甲贴片女反复可拆卸短款假指甲车厘子酒红摘戴甲片显白美甲贴指甲贴送女友24 火烈鸟金粉 火烈鸟金粉,300+,￥59.00,https://item.jd.com/64328836999.html,https://img14.360buyimg.com/n7/jfs/t1/148795/33/19076/179399/5fdddb83E89fda43c/72a2d4eb6a72355c.jpg
173,指甲贴片网红美甲成品甲片持久穿戴式假指甲反复可拆卸指甲壳贴纸 615网红橘渐变/24片,28,￥32.00,https://item.jd.com/10025335460072.html,https://img12.360buyimg.com/n7/jfs/t1/140718/39/17969/324350/5fd337acE09f9fa5f/8e13e5905a5cfd35.jpg
174,穿戴式可拆取带美甲贴片女反复可拆卸短款假指甲车厘子酒红摘戴甲片显白美甲贴指甲贴送女友24 渐变粉 渐变粉,300+,￥59.00,https://item.jd.com/64328863203.html,https://img13.360buyimg.com/n7/jfs/t1/153413/9/10521/131064/5fdddb8fE9d5711c1/0a19c11ca11f0d90.jpg
175,潮牌集合美甲新娘假指甲成品甲贴贴片甲片女生穿戴美甲可拆卸日式网红甲片成品持久磨砂学生短款 643-金粉蝴蝶,400+,￥24.00,https://item.jd.com/72382551738.html,https://img13.360buyimg.com/n7/jfs/t1/133236/32/6268/99993/5f2d0f56E80079d1c/ba4b781864b69278.jpg
176,【脚贴】黛丝堤华（DASHINGDIVA）脚指甲贴片穿戴美甲贴片美甲成品甲油胶假24片 曼谷一夜MDR655P,400+,￥79.00,https://item.jd.com/71726101317.html,https://img12.360buyimg.com/n7/jfs/t1/122518/29/7005/300964/5f0d5f3eE5ec36e2d/8c85ea00cdb83aae.jpg
177,【秋冬新款】黛丝堤华（DASHINGDIVA ）美甲贴纸手指甲贴纸防水可撕甲油胶假纸 星雾与光GVP246,1000+,￥68.00,https://item.jd.com/10023992058175.html,https://img10.360buyimg.com/n7/jfs/t1/121482/4/17365/79503/5fa23d4bE1eaf712f/0d1e2f05c2e98232.jpg
178,小女孩指甲贴 小花朵儿童公主美甲贴片女孩防水安全卡通指甲贴纸 彩花指甲贴全套30张 *带闪粉不掉粉*,300+,￥50.00,https://item.jd.com/69107104315.html,https://img10.360buyimg.com/n7/jfs/t1/122097/9/503/804440/5eb61006Ee3f19877/4fab5fd2de43b5b6.jpg
179,网红推荐孜甲花美甲套装假指甲贴片孕妇甲油胶可拆卸美甲成品新娘美甲片 图2款 M中号,300+,￥58.80,https://item.jd.com/44626976302.html,https://img12.360buyimg.com/n7/jfs/t1/11906/6/14833/103081/5ca45c3dE32d1ad36/52d101198661d6da.jpg
180,儿童指甲贴韩国卡通指甲贴防水女孩指甲贴宝宝指甲贴 烫金小可爱5张,1000+,￥18.80,https://item.jd.com/67206414070.html,https://img10.360buyimg.com/n7/jfs/t1/102061/8/16687/273984/5e7f1e61E6210c5de/7fe16a94265ed84d.jpg
181,MissCandy糖果小姐美甲贴片穿戴可拆卸春夏显白指甲贴片 日落余晖 PN039 30片/盒,95,￥139.00,https://item.jd.com/10025718723706.html,https://img11.360buyimg.com/n7/jfs/t1/172889/33/457/213339/605d57ecEbac9a283/0179ef38db62c4db.jpg
182,【现货速发】圣诞礼物冰雪奇缘2假指甲儿童女孩卡通美甲宝石贴纸公主套装贴画贴片玩具 全套3款钥匙手提包冰雪奇缘+迪士尼+苏菲亚,1,￥226.48,https://item.jd.com/10025591715656.html,https://img11.360buyimg.com/n7/jfs/t1/140411/29/19159/210014/5fdeb828Ebd12bbf0/f2c152b5a746bcb0.jpg
183,Zeusee白色法式假指甲贴片成品网红穿戴拆卸美甲片果冻胶持久防水假甲片美甲贴可拆卸 平头法式,99,￥34.98,https://item.jd.com/72232786314.html,https://img14.360buyimg.com/n7/jfs/t1/146358/3/4487/691774/5f280d4aE3cd9aea7/fe153c63c3e357f9.png
184,【2020秋季新款】黛丝堤华（DASHINGDIVA）指甲贴片孕妇可用美甲贴片持久免烤甲油胶 樱桃怪诞MCN518,600+,￥79.00,https://item.jd.com/10023998553519.html,https://img14.360buyimg.com/n7/jfs/t1/121062/22/17256/72732/5fa2490fE09a9598e/1445e62ed3ced90c.jpg
185,【DVA】黛丝堤华（DASHINGDIVA）手指甲贴片穿戴假指甲美甲成品美甲贴片30片 橘子猫咪MDR_225SS短款,2000+,￥79.00,https://item.jd.com/33378432261.html,https://img11.360buyimg.com/n7/jfs/t1/74271/27/5493/68780/5d396743Eb3329718/45a6530743e2d5e7.jpg
186,【宋茜同款单品】黛丝堤华（DASHINGDIVA）指甲贴片孕妇可用美甲贴片持久免烤甲油胶 金碧星野,600+,￥79.00,https://item.jd.com/10026214244773.html,https://img13.360buyimg.com/n7/jfs/t1/165187/28/1885/82823/5ffd7a73E5a9743f6/4d898f5030364603.jpg
187,美乐（Joanmiro）儿童指甲贴安全无味防水贴纸小女孩女童美甲公主卡通贴片防水纹身贴纸 新品时尚-动物伴我行（540枚）,3000+,￥42.90,https://item.jd.com/10020850727181.html,https://img11.360buyimg.com/n7/jfs/t1/157560/12/15756/280446/605f7952E05787059/3914603260f8a489.jpg
188,【四张56贴】云皙女指甲贴纸防水持久美甲贴纸全贴3d指甲贴片美甲成品美甲饰品 4套组合08,1000+,￥9.90,https://item.jd.com/66114129160.html,https://img10.360buyimg.com/n7/jfs/t1/89358/22/14049/461445/5e60ca10E64b456b4/127c25cb7cbee2e9.jpg
189,可反复使用穿戴钻饰贴片纸假显白美甲贴片假指甲片成品甲片美甲可穿戴钻假指甲片美甲片片成人 C34 30片,400+,￥59.00,https://item.jd.com/67822232308.html,https://img13.360buyimg.com/n7/jfs/t1/122925/1/14223/267463/5f7ab4c4E1917db28/87b1d105328fc980.jpg
190,赢夫人（Mrs win）可穿戴美甲纯色圆头磨砂全贴甲片可拆卸假指甲美甲成品 指甲贴片 482-酒红磨砂,1000+,￥32.80,https://item.jd.com/15909048574.html,https://img14.360buyimg.com/n7/jfs/t1/101240/34/8790/44948/5e089d42Eff723717/fe4d721cbc435c50.jpg
191,"京东超市
安丽莉 炫彩美甲套装 儿童指甲贴纸 安全防水美甲贴 女孩手工DIY百变造型玩具儿童礼物 基础款：梦幻美甲【含折叠收纳盒】 60甲片+183",1000+,￥39.00,https://item.jd.com/44088125607.html,https://img12.360buyimg.com/n7/jfs/t1/79100/35/1853/195336/5d02591cEc9701b6b/29f08082f34ab5cf.jpg
192,迪士尼儿童指甲油美甲玩具指甲贴可撕甲片套装冰雪奇缘公主宝宝指甲油女孩玩具 嘉年华美甲化妆套装,4000+,￥68.00,https://item.jd.com/46576884555.html,https://img10.360buyimg.com/n7/jfs/t1/98887/40/16512/100708/5e7a10c5E681335de/9d21aba80009da50.jpg
193,【2020秋季新款】黛丝堤华（DASHINGDIVA）指甲贴片孕妇可用美甲贴片持久免烤甲油胶 枫糖奶霜MCN516,600+,￥79.00,https://item.jd.com/10023998553518.html,https://img13.360buyimg.com/n7/jfs/t1/136038/12/14306/45154/5fa248fcE03fadd20/ea906d7491b28f13.jpg
194,赢夫人（Mrs win）长圆粉灰方钻 穿戴美甲成品长款圆头新娘款甲片假指甲贴片 650-长圆粉灰方钻,65,￥32.80,https://item.jd.com/53768546299.html,https://img14.360buyimg.com/n7/jfs/t1/112044/15/5244/895141/5eb2725bEa2660dee/905f3b1ea580776b.png
195,美乐儿童指甲贴安全防水防汗美甲贴纸卡通动物女童贴纸2-6岁 甜蜜花园,500+,￥59.00,https://item.jd.com/43222293233.html,https://img13.360buyimg.com/n7/jfs/t1/175698/5/716/291100/605f5a87E42d96505/7bfeee1a34b252a1.jpg
196,【自选颜色】精沐美甲初学者工具套装全套美甲灯光疗机猫眼胶指甲油胶甲片贴饰品套装家用做开美甲店用 初学者简约套装,700+,￥98.00,https://item.jd.com/49811891046.html,https://img11.360buyimg.com/n7/jfs/t1/166706/24/2102/125753/5ffd861cEbbbccb08/b995c89d34117d87.jpg
197,赢夫人（Mrs win）潮牌集合美甲新娘假指甲成品甲贴贴片甲片女生穿戴美甲 151-法式裸色,1万+,￥32.80,https://item.jd.com/16674651842.html,https://img12.360buyimg.com/n7/jfs/t29623/150/73248747/242155/f10d527/5be6a20aNa2d7df23.jpg
198,穿戴式可拆取带美甲贴片女反复可拆卸短款假指甲车厘子酒红摘戴甲片显白美甲贴指甲贴送女友24 猫眼粉 猫眼粉,300+,￥59.00,https://item.jd.com/64328863208.html,https://img13.360buyimg.com/n7/jfs/t1/140709/28/18910/115444/5fddd121Ee92f2256/f4ff62031d3ad830.jpg
199,BOLE搏乐美甲贴片超薄无痕全半两用贴磨砂假指甲甲片成品拆卸盒装 【全号装】椭圆全半两用甲片（500片/盒）,400+,￥28.00,https://item.jd.com/10024449142354.html,https://img14.360buyimg.com/n7/jfs/t1/146282/18/17215/181487/5fcddb49Ec37e7746/929a20b1cb253338.jpg
200,BOLE搏乐美甲贴片超薄无痕全半两用贴磨砂假指甲甲片成品拆卸盒装 甲片粘合剂+一字剪,400+,￥28.00,https://item.jd.com/10026603749349.html,https://img14.360buyimg.com/n7/jfs/t1/161393/8/5672/202862/601b8a3bE36bfce92/609656eb581d41c7.jpg
201,指甲贴 成品穿戴美甲指甲贴中长款新娘穿戴圆头甲片假指甲随意摘戴的美甲片贴片人果冻胶美甲. 果冻胶10片【共240】,1000+,￥49.00,https://item.jd.com/41337458472.html,https://img12.360buyimg.com/n7/jfs/t1/124025/21/18905/471134/5fb37515Ef287424b/05bf507897104c01.jpg
202,显白美甲贴片假指甲贴长短款可拆卸纯色甲片成品手指甲片 南柚色 限量促销,15,￥34.98,https://item.jd.com/72232758741.html,https://img11.360buyimg.com/n7/jfs/t1/130633/24/5956/881350/5f280d58Eebaec6a6/e998dd1ac3018a18.png
203,迪士尼儿童指甲油美甲玩具指甲贴可撕甲片套装冰雪奇缘公主宝宝指甲油女孩玩具 4色凯蒂猫指甲油,4000+,￥65.00,https://item.jd.com/10021318827888.html,https://img13.360buyimg.com/n7/jfs/t1/148391/8/7679/125878/5f54fb2bE828b5165/84cc16f6d44cd62b.jpg
204,亿奇儿童指甲贴纸美甲贴指甲油立体贴片冰雪奇缘防水贴画粘贴益智diy贴纸玩具女孩 卡通动物，36款,7000+,￥65.80,https://item.jd.com/37276811327.html,https://img12.360buyimg.com/n7/jfs/t1/166890/19/2091/188753/5ffc689aEd44122d9/375a6cebd8d9363a.jpg
205,孜甲花来图定制光疗指甲贴可穿戴甲片美甲套装送爱人闺蜜新娘甲指甲油贴片 图2款 M中号,5000+,￥68.00,https://item.jd.com/46356444838.html,https://img13.360buyimg.com/n7/jfs/t1/41949/16/708/93339/5cc323c3Ec816e4d4/3aa5ac4894c1875a.jpg
206,穿戴式假指甲美甲贴片美甲贴24片装酒红吊坠美甲车厘子酒红显白指甲贴送女友 酒红闪粉吊坠 13胶水款,78,￥39.00,https://item.jd.com/64331149312.html,https://img12.360buyimg.com/n7/jfs/t1/139775/5/19192/124053/5fddd11aE5c67b4a6/1625af97617a6eff.jpg
207,指甲贴 成品穿戴美甲指甲贴中长款新娘穿戴圆头甲片假指甲随意摘戴的美甲片贴片人果冻胶美甲. 酒红星月100,1000+,￥49.00,https://item.jd.com/41337458483.html,https://img13.360buyimg.com/n7/jfs/t1/156498/22/2477/95059/5fe83fceE3eb2061b/e57fc53094c827fb.jpg
208,穿戴式假指甲美甲贴片美甲贴24片装酒红吊坠美甲车厘子酒红显白指甲贴送女友 酒红闪粉吊坠 13背胶款,79,￥39.00,https://item.jd.com/64331149313.html,https://img13.360buyimg.com/n7/jfs/t1/139775/5/19192/124053/5fddd11aE5c67b4a6/1625af97617a6eff.jpg
209,儿童指甲贴韩国卡通指甲贴防水女孩指甲贴宝宝指甲贴 30张“小公主套餐”,1000+,￥48.00,https://item.jd.com/67206414063.html,https://img13.360buyimg.com/n7/jfs/t1/136196/40/1133/246029/5ed602e5E98aa945e/0fd280686105d6d4.jpg
210,美甲贴片甲片指甲贴片学生假指甲甲片透明光疗甲片成品假指甲甲油胶指甲贴透明全半片假指甲盖卸甲油 透明全100片,600+,￥39.00,https://item.jd.com/60825274896.html,https://img11.360buyimg.com/n7/jfs/t1/158994/33/7557/79206/603066afEe7011c45/52d8b87aac1fa019.jpg
211,迪士尼儿童指甲油美甲玩具指甲贴可撕甲片套装冰雪奇缘公主宝宝指甲油女孩玩具 三色指甲油+10张卡通,4000+,￥38.00,https://item.jd.com/26905386272.html,https://img12.360buyimg.com/n7/jfs/t1/165528/26/14567/155323/605b560aE1feb8c07/186b29bfab885477.jpg
212,Albeville指甲贴指甲贴片可穿戴美甲成品穿戴式可拆卸短款甲片成人假指甲穿戴甲长款磨砂学生美甲片 LP-007冰透奶茶 24片,100+,￥26.00,https://item.jd.com/10025517604114.html,https://img14.360buyimg.com/n7/jfs/t1/131964/9/20187/142984/5fdb2098Eb1c298cd/97d65f05b571d7db.jpg
213,美潮粘钻胶美甲免洗超牢固持久强力贴钻光疗指甲饰品水钻加固钻石 免洗粘钻胶（10g),1000+,￥18.00,https://item.jd.com/10023584752497.html,https://img12.360buyimg.com/n7/jfs/t1/135087/4/17159/138412/5fbe2017E44580a74/0f2a271e2af689ea.jpg
214,【DVA】黛丝堤华（DASHINGDIVA）手指甲贴片孕妇指甲油胶美甲成品美甲贴片30片 伊丽莎白MDR_539,200+,￥79.00,https://item.jd.com/66109401797.html,https://img12.360buyimg.com/n7/jfs/t1/96972/28/16198/330536/5e79dcb0E4bf68950/4f92de83ae51de95.jpg
215,【秋冬新款】黛丝堤华（DASHINGDIVA ）美甲贴纸手指甲贴纸防水可撕甲油胶假纸 醉里看花GVP211,1000+,￥68.00,https://item.jd.com/10023992058181.html,https://img11.360buyimg.com/n7/jfs/t1/148060/19/13102/76872/5fa23e98E3930cd54/c064728971ad4b69.jpg
216,名创优品（MINISO）芭比无痕指甲片指甲贴片贴纸ins 24片装 表情包,6000+,￥13.50,https://item.jd.com/10021039558266.html,https://img11.360buyimg.com/n7/jfs/t1/172051/27/269/97413/605bf6fcE8dd337c7/b3a6d4ce8a8cdae2.jpg
217,【秋冬新款】黛丝堤华（DASHINGDIVA ）美甲贴纸手指甲贴纸防水可撕甲油胶假纸 秋日苏打GVP247,1000+,￥68.00,https://item.jd.com/10023992058176.html,https://img11.360buyimg.com/n7/jfs/t1/136439/15/14564/84566/5fa23df8Ee1e2837b/9a5bc4d7a1229626.jpg
218,MissCandy糖果小姐美甲贴片穿戴可拆卸春夏显白指甲贴片 一叶星辰 PN031 30片/盒,95,￥139.00,https://item.jd.com/10025718723698.html,https://img13.360buyimg.com/n7/jfs/t1/161893/10/14832/214453/605d57e5Ec1f86b58/fce93b52e3ebc9a1.jpg
219,【24片】假指甲片穿戴美甲成品甲片指甲贴片成品可拆卸全贴假指甲片 106-深双灰磨跳长 穿戴款,400+,￥24.00,https://item.jd.com/68676950147.html,https://img12.360buyimg.com/n7/jfs/t1/112376/14/3528/114891/5ea84c5aEe96e90fd/0f5905bb86b0a842.jpg
220,"京东超市
尔苗 指甲贴儿童3D魔法美甲贴套装宝宝指甲贴纸贴画防水可爱假指甲女孩公主玩具 3D魔法美甲-可爱卡通系列",1000+,￥36.00,https://item.jd.com/72448477098.html,https://img13.360buyimg.com/n7/jfs/t1/118301/28/14591/201218/5f2fbf96E3453ba3c/b834ea4465cf0ca7.jpg
221,薇林可卸模型胶延长胶纸托指甲油胶光疗胶透明健康红凝胶水波纹美甲贴花粘钻饰 透明色（18ml）+纸托（500个）,1000+,￥43.80,https://item.jd.com/41528327989.html,https://img14.360buyimg.com/n7/jfs/t1/90518/32/7790/113888/5e00182cE506e146c/f0c886faf149aeec.jpg
222,亿奇儿童指甲贴纸美甲贴指甲油立体贴片冰雪奇缘防水贴画粘贴益智diy贴纸玩具女孩 手提公主款,7000+,￥58.00,https://item.jd.com/62393294217.html,https://img12.360buyimg.com/n7/jfs/t1/44796/39/16348/224824/5dd89921E342883db/3530777c9b642366.jpg
223,穿戴式可拆取带美甲贴片女反复可拆卸短款假指甲车厘子酒红摘戴甲片显白美甲贴指甲贴送女友24 藕色 果冻粉嫩长款,300+,￥59.00,https://item.jd.com/64328836996.html,https://img11.360buyimg.com/n7/jfs/t1/135916/34/20350/151209/5fddd11dE445f95da/281e797fa6efa6e9.jpg
224,迪士尼(Disney)冰雪米奇公主儿童指甲贴安全无毒宝宝美甲纹身卡通贴纸套装 儿童-10张/套,58,￥29.00,https://item.jd.com/71600914545.html,https://img10.360buyimg.com/n7/jfs/t1/111435/21/12088/181838/5f09202cE7f9d0176/fabc0fa693d471ed.jpg
225,指甲贴 成品穿戴美甲指甲贴中长款新娘穿戴圆头甲片假指甲随意摘戴的美甲片贴片人果冻胶美甲. 豆沙镂空圈CP91,1000+,￥59.00,https://item.jd.com/41337458468.html,https://img13.360buyimg.com/n7/jfs/t1/9031/26/13270/67039/5c42b1fbEb46c4130/1eda63c88fc249a5.jpg
226,新款假指甲成品指甲贴片穿戴美甲片清新桃子波点渐变防水24片 R068 水心蜜桃【胶水款】,27,￥11.70,https://item.jd.com/72338992239.html,https://img14.360buyimg.com/n7/jfs/t1/119246/24/14418/141470/5f2bb9baEf091cd9d/bd913b4a47f50de1.jpg
227,乐哉美妆反复使用美甲贴片成人可拆卸穿戴美甲贴片假指甲盖壳手指甲贴长款短款反复摘戴学生片 698短款（120粒果冻胶） 24片/盒,100+,￥89.00,https://item.jd.com/10020376058593.html,https://img13.360buyimg.com/n7/jfs/t1/160377/35/6000/110090/6017b164Edec4e59d/6a923666811fe669.jpg
228,指甲贴纸美甲贴纸全贴3d手指甲贴纸贴片美甲贴纸全贴防水指甲贴纸指甲贴纸花软甲片. 82号-主推款,300+,￥28.90,https://item.jd.com/62101032942.html,https://img12.360buyimg.com/n7/jfs/t1/131720/1/4733/145377/5f13adb2Ef4347f05/d2afc02cc38257d4.jpg
229,"京东超市
尔苗 指甲贴儿童3D魔法美甲贴套装宝宝指甲贴纸贴画防水可爱假指甲女孩公主玩具 3D魔法美甲-唯美四季系列",1000+,￥36.00,https://item.jd.com/70989135102.html,https://img12.360buyimg.com/n7/jfs/t1/110908/29/11063/193348/5ef8274dE3ee05551/fb72688c96f37078.jpg
230,穿戴式可拆取带美甲贴片女反复可拆卸短款假指甲车厘子酒红摘戴甲片显白美甲贴指甲贴送女友24 深棕色 晕染棕月亮,300+,￥59.00,https://item.jd.com/64328863211.html,https://img11.360buyimg.com/n7/jfs/t1/151469/12/10518/168190/5fdddb8fE57a4b045/c2e104ec45484bcb.jpg
231,穿戴式可拆取带美甲贴片女反复可拆卸短款假指甲车厘子酒红摘戴甲片显白美甲贴指甲贴送女友24 大红 红色圆圈钻,300+,￥59.00,https://item.jd.com/64328836995.html,https://img10.360buyimg.com/n7/jfs/t1/148471/8/18983/172879/5fddd11dE6213c6af/33814fbbe99bfa34.jpg
232,裸色假指甲贴片美甲成品可拆卸网红穿戴甲果冻胶孕妇学生可用美甲 裸色水钻,13,￥34.98,https://item.jd.com/72232966936.html,https://img11.360buyimg.com/n7/jfs/t1/119241/15/13881/604047/5f280d57Ef509174a/9bea09fc4e34bc5a.png
233,BOLE搏乐美甲贴片超薄无痕全半两用贴磨砂假指甲甲片成品拆卸盒装 【全号装】杏仁全半两用甲片（500片/盒）,400+,￥28.00,https://item.jd.com/10024449142356.html,https://img11.360buyimg.com/n7/jfs/t1/152388/40/8866/189298/5fcddb49E27a8a37b/aee53780b2a953f8.jpg
234,孜甲花指甲贴片美甲成品穿戴式拆卸指甲贴可摘戴假片网红自由持久甲片贴新娘甲 图3款 S小号,500+,￥58.80,https://item.jd.com/45963893357.html,https://img12.360buyimg.com/n7/jfs/t1/34087/40/6117/93770/5cbc6163E185c31f0/e1e86be0d609be41.jpg
235,赢夫人（Mrs win）潮牌集合美甲新娘假指甲成品甲贴贴片甲片女生穿戴美甲 穿戴工具包,1万+,￥9.90,https://item.jd.com/16674651830.html,https://img10.360buyimg.com/n7/jfs/t1/143851/27/15759/129972/5fbe307fEe698e279/3ef3a20be64ea19e.jpg
236,"京东超市
尔苗 指甲贴儿童3D魔法美甲贴套装宝宝指甲贴纸贴画防水可爱假指甲女孩公主玩具 3D魔法美甲-美食甜心系列",1000+,￥36.00,https://item.jd.com/72448477099.html,https://img14.360buyimg.com/n7/jfs/t1/131569/40/6665/195536/5f2f9001E25d69a9e/ce0a8bf1952fdb07.jpg
237,【2020秋季新款】黛丝堤华（DASHINGDIVA）指甲贴片孕妇可用美甲贴片持久免烤甲油胶 浮生若梦MCN520,600+,￥79.00,https://item.jd.com/10023998553521.html,https://img11.360buyimg.com/n7/jfs/t1/152624/36/4725/55024/5fa24930E99c694fa/735fec91ea4f317d.jpg
238,中国风美甲甲片成品大红色渐变新年新娘结婚中长穿戴假指甲贴片女 N453(送胶水+果冻胶+搓条),5,￥55.00,https://item.jd.com/71123701140.html,https://img10.360buyimg.com/n7/jfs/t1/133975/15/3339/445446/5efa89fcEf36c0f9c/1916c8dd7528bd09.jpg
239,可反复使用穿戴钻饰贴片纸假抖音网红色显白可拆卸假指甲成品可穿戴反复使用美甲贴片 百搭透粉,100+,￥59.00,https://item.jd.com/67821956327.html,https://img12.360buyimg.com/n7/jfs/t1/98886/32/17868/121892/5e901b00E67adf778/2238f68bdb90707b.jpg
